Customer_ID,Credit_Score,Income,Age,Loan_Amount,Loan_Term_Months,Rent_Payments,Utility_Payments_On_Time,Mobile_Phone_Payment_On_Time,Social_Media_Activity_Score,Transaction_Behavior_Score
1,402,126296,60,15357,36,964,True,True,50,77
2,735,101182,27,47136,60,2274,True,True,84,24
3,570,102565,47,4137,48,1746,True,False,16,54
4,406,49402,67,1097,60,1130,True,True,76,26
5,371,24263,35,12407,48,1324,True,True,77,66
6,320,143489,34,31575,36,1787,True,False,39,80
7,421,116523,43,13722,12,1730,True,True,89,38
8,766,66828,25,13924,36,1106,True,False,46,65
9,514,140824,64,4750,12,1384,True,True,96,75
10,630,67924,57,28733,12,2257,True,True,88,51
11,758,94182,66,9535,60,865,True,True,47,35
12,387,113065,29,25487,36,775,True,True,44,43
13,672,79052,44,31651,48,879,True,True,9,29
14,399,31664,25,5666,36,2266,True,True,87,37
15,430,55737,42,49777,60,1832,True,True,50,81
16,608,121332,63,17994,12,2154,True,True,77,58
17,643,109563,21,2727,60,1791,False,True,60,54
18,791,49373,50,35622,24,1444,True,True,96,39
19,713,137369,18,11800,24,2308,False,True,15,42
20,685,56397,36,38823,48,1587,False,True,36,28
21,491,148575,48,44039,60,1309,True,False,63,29
22,576,106145,33,19708,48,1873,True,True,69,43
23,460,121371,31,13819,48,1424,True,False,86,3
24,759,58709,65,10369,24,2438,True,True,80,10
25,613,136074,22,10283,48,993,True,True,41,59
26,321,81120,58,31573,24,2046,True,True,74,14
27,552,39250,43,14171,12,1621,True,True,24,76
28,774,41172,45,31933,60,2469,True,True,82,47
29,358,31555,19,6774,48,1594,True,True,49,42
30,810,107410,67,7519,24,863,True,True,18,94
31,775,98617,23,11983,36,1069,True,True,7,32
32,489,73276,26,31932,48,2325,True,True,4,32
33,543,77492,50,31798,12,1262,True,True,90,42
34,804,73002,58,19133,12,775,False,True,69,32
35,430,140103,42,15939,36,549,True,True,60,26
36,784,144938,65,1781,24,1881,True,True,55,1
37,320,109599,30,28624,48,1227,True,True,16,56
38,466,92355,26,7823,24,1405,True,True,99,2
39,573,111248,30,19489,12,1427,True,True,90,81
40,687,44762,48,40961,24,1063,True,True,82,30
41,615,31046,58,30118,12,1282,True,True,29,71
42,313,116999,28,35881,24,984,True,True,23,52
43,541,144130,21,17280,36,1607,False,True,14,91
44,645,136021,51,23263,60,2422,True,False,79,9
45,639,48769,55,14565,36,2328,True,False,49,22
46,391,73302,63,21354,36,2161,True,True,33,34
47,666,43150,21,43951,60,2331,True,True,25,49
48,754,88247,55,26643,60,1083,True,True,21,1
49,727,24853,36,24648,48,1819,True,True,17,73
50,808,114613,23,42971,48,735,True,True,23,84
51,334,140900,51,19658,36,555,False,True,57,53
52,505,109399,35,22253,36,2442,True,False,81,83
53,380,41792,30,49563,12,859,True,True,58,40
54,687,79129,58,27390,12,2430,True,True,14,45
55,301,126019,40,24128,48,609,True,True,93,68
56,689,94478,36,14489,48,691,True,True,20,9
57,405,133811,62,39314,12,1403,True,True,30,22
58,776,134130,28,33658,12,1616,True,False,19,18
59,701,87298,18,7852,24,1361,True,True,53,76
60,461,51987,41,30450,24,1067,True,True,56,43
61,501,35850,24,3551,12,1583,True,True,77,39
62,569,32112,42,7411,24,1149,True,True,82,73
63,570,141789,38,34243,60,538,True,True,23,6
64,755,44058,32,22800,48,2063,True,True,62,83
65,761,65420,18,11403,48,1572,True,True,33,48
66,551,58890,29,8239,12,1943,True,True,18,7
67,595,86017,24,7710,36,1136,True,True,73,80
68,637,67304,32,22384,12,1536,True,True,33,69
69,352,52921,38,22038,24,535,True,True,32,16
70,516,125921,36,41846,36,600,True,True,61,1
71,487,21524,46,23447,24,2317,True,True,54,37
72,679,120424,42,3285,60,1609,True,True,17,83
73,792,35048,50,38991,24,2039,True,True,19,37
74,340,55111,66,14521,60,1746,True,True,91,81
75,456,57904,49,48657,60,1861,True,True,70,64
76,314,74912,66,7971,24,2483,True,True,99,90
77,364,54008,52,30139,24,665,False,True,34,86
78,820,20060,61,20909,60,882,True,True,84,62
79,643,94666,55,12531,36,2379,True,True,25,72
80,428,103559,43,15721,60,2418,True,True,68,61
81,771,75337,28,20206,48,1899,True,True,74,33
82,362,130616,52,38711,60,1994,True,True,74,66
83,438,33350,25,7530,36,1289,True,True,88,30
84,798,44354,63,12116,48,2165,True,True,85,20
85,691,65186,31,1258,12,530,True,True,11,60
86,718,48145,27,1282,12,1898,True,True,91,82
87,588,54020,19,14937,36,510,True,True,16,74
88,678,106123,63,2898,60,1825,True,True,90,24
89,789,126667,26,5135,24,595,True,True,61,4
90,530,95186,20,7629,36,1713,False,True,94,37
91,340,105469,38,44936,48,952,True,True,80,4
92,327,40581,43,20584,48,691,True,True,7,77
93,434,108929,25,24551,12,985,True,False,16,89
94,500,43051,65,34380,48,1789,True,False,99,77
95,332,71474,19,47971,36,1947,True,False,16,18
96,347,111748,23,18071,48,1651,True,True,40,88
97,802,145995,45,21074,36,737,True,True,12,66
98,706,134618,46,26188,24,2443,True,True,35,48
99,398,89626,43,3307,12,1878,True,True,21,33
100,846,26960,42,40901,48,2463,False,True,50,58
101,761,55772,29,12205,36,1635,True,True,43,83
102,304,41520,22,6906,60,2351,True,True,17,73
103,517,69481,51,3591,12,1969,True,True,32,28
104,802,56408,65,16149,24,1866,True,True,41,35
105,697,114006,54,45918,36,1668,True,False,6,10
106,692,148496,32,40951,24,1588,True,True,88,65
107,506,77134,61,26150,24,1770,False,True,27,42
108,314,40491,53,32852,48,1234,True,False,20,85
109,760,21341,32,43870,48,1490,True,True,25,9
110,540,64623,60,2283,36,2013,True,True,66,60
111,395,110327,65,34691,60,1324,False,True,9,15
112,784,20338,40,2125,36,1962,True,True,92,99
113,706,91431,23,2529,60,605,True,False,53,57
114,530,32254,63,27170,24,680,True,True,61,69
115,470,71860,67,9438,12,683,True,True,38,22
116,840,31344,61,21095,36,725,True,True,3,64
117,335,21750,60,17154,36,1276,True,True,84,41
118,824,74756,62,9004,60,1289,True,False,70,87
119,459,87957,38,10752,24,2432,True,True,97,71
120,542,125423,40,44360,24,1612,True,True,55,56
121,385,78053,60,27819,60,1187,True,True,1,23
122,327,90855,33,37632,24,1029,True,True,70,25
123,639,35896,64,27515,48,1894,True,False,45,91
124,630,75761,32,25217,12,1471,True,True,98,6
125,805,82552,42,24172,36,1435,True,True,47,34
126,647,140075,53,33994,12,2436,True,True,79,63
127,772,97454,28,16036,36,1922,True,True,26,9
128,530,146522,68,12739,48,605,False,True,14,60
129,489,138681,32,33220,24,1794,True,False,54,49
130,524,110600,21,10587,60,2498,True,True,71,97
131,684,142732,38,45517,48,1330,True,False,46,51
132,676,132153,30,31129,12,2026,True,True,31,60
133,582,142926,39,1645,60,1178,True,True,88,70
134,558,47935,36,31930,24,2048,True,True,59,37
135,658,57641,51,17299,48,1348,True,True,95,31
136,755,49711,31,31090,60,1555,True,False,29,98
137,710,90342,21,22953,48,892,True,True,96,41
138,617,126896,65,47443,48,539,True,True,17,62
139,524,32182,69,27475,24,1159,True,True,14,93
140,533,107833,63,19888,36,1741,True,True,36,58
141,673,76276,44,44732,60,2254,True,True,58,14
142,771,39541,46,17087,24,1480,False,True,24,36
143,532,114457,64,47305,48,1605,True,True,63,36
144,412,102310,45,47037,24,1344,True,True,91,79
145,796,64813,52,10346,36,2243,True,True,25,8
146,741,57198,25,1587,60,700,True,True,59,26
147,567,28820,33,13763,36,946,True,True,32,36
148,809,44070,59,42945,12,2367,True,True,82,48
149,685,89768,53,5079,60,1951,True,False,18,85
150,686,31122,47,37116,36,1561,True,True,37,28
151,412,100559,35,21215,48,1734,True,True,26,68
152,380,93543,19,26817,60,943,True,True,9,62
153,412,103441,66,25765,60,1850,True,True,99,80
154,301,61786,30,31112,24,1260,True,True,64,86
155,519,114934,21,26556,48,726,False,True,72,76
156,524,119804,43,19099,12,547,True,True,20,80
157,684,26737,42,44553,36,1541,True,True,54,51
158,702,56062,47,46096,24,1411,True,True,86,42
159,429,74237,28,7450,36,1962,False,True,83,29
160,352,71571,24,14230,12,2330,True,False,30,82
161,715,45510,48,30009,12,2231,True,True,53,10
162,546,39426,61,6433,60,686,True,True,92,39
163,738,57265,27,34866,12,844,True,False,99,82
164,502,37850,56,40864,36,723,True,True,63,1
165,483,138249,30,19710,48,1329,True,True,11,39
166,422,86150,48,12439,48,987,True,True,31,21
167,700,107312,24,42855,60,2432,True,False,49,65
168,593,109613,66,17021,36,1376,True,True,94,15
169,579,94910,59,7416,36,1348,True,False,87,4
170,497,72375,59,7980,12,1752,True,True,19,60
171,810,141826,53,19058,36,1913,True,True,12,61
172,443,55435,37,12101,24,1478,True,False,15,20
173,500,116443,21,41718,12,2112,True,True,31,10
174,423,77132,24,33602,24,1516,True,True,43,87
175,486,98945,18,10122,60,687,True,True,37,34
176,625,102050,61,13576,48,2381,True,True,79,48
177,763,149828,62,28516,60,769,True,False,29,33
178,648,115402,59,23433,48,2130,True,True,26,98
179,702,22983,64,2089,60,809,True,True,2,61
180,645,117241,30,38346,36,1655,True,True,84,10
181,810,40662,39,10127,24,2074,True,True,15,54
182,446,43510,38,11487,48,1595,True,True,4,84
183,447,98187,39,1155,12,2316,True,True,86,65
184,788,60998,45,2958,24,1344,True,True,50,77
185,637,76846,26,11693,12,2195,True,False,38,1
186,772,114071,43,40112,24,1710,True,True,23,5
187,450,26640,26,39547,24,985,False,True,59,80
188,714,64547,32,29795,60,1714,True,False,90,15
189,597,74620,27,22447,48,1945,True,True,75,28
190,562,35317,41,37598,48,619,True,True,28,95
191,443,135608,59,42814,24,719,True,True,66,23
192,645,27564,25,26215,36,552,True,False,8,17
193,301,47345,41,10794,36,2257,True,True,29,98
194,603,133824,33,34209,12,1974,True,False,11,13
195,553,114223,66,23424,12,1935,True,True,18,14
196,752,143372,43,48246,60,2166,True,True,55,11
197,336,99273,44,38396,24,1760,True,True,50,28
198,459,94859,54,7370,12,1257,True,True,14,42
199,308,100765,21,10528,12,1237,True,True,74,96
200,532,130017,67,29276,24,1219,True,True,99,99
201,398,94038,41,45333,60,905,True,True,9,61
202,507,143618,36,9179,12,1107,True,True,99,64
203,430,72393,53,49781,60,1520,True,True,11,31
204,703,86081,56,17843,48,921,True,True,63,81
205,451,145341,27,24952,60,1211,True,True,76,73
206,353,122650,42,34160,36,746,True,True,67,10
207,419,49430,35,45898,36,571,True,True,53,8
208,719,95532,36,30516,60,2353,True,True,39,21
209,721,47788,53,11449,36,684,True,True,78,77
210,403,115505,27,22125,48,505,True,True,56,59
211,553,68543,50,8418,24,1729,True,False,28,50
212,526,33919,67,23746,36,2067,True,True,75,69
213,411,89346,22,3454,36,2134,True,True,39,70
214,809,116122,64,18761,60,1405,True,True,25,30
215,772,59974,66,16223,48,886,True,True,21,95
216,398,127309,52,7701,24,2291,True,True,10,17
217,452,36371,61,3597,60,1198,False,True,43,75
218,637,65084,51,1141,60,1599,True,True,15,20
219,462,49629,50,3659,48,1700,True,True,83,48
220,460,71184,38,21980,24,1326,True,True,48,73
221,697,81916,34,10031,48,2322,True,True,86,2
222,576,147293,39,16037,24,848,True,True,21,37
223,803,93972,65,47738,48,1778,True,True,60,1
224,691,82187,54,39429,60,2360,True,False,96,4
225,434,32984,32,7142,60,2225,True,True,50,54
226,494,53039,52,13109,12,807,True,True,23,25
227,700,105431,45,23010,36,1868,True,False,13,3
228,332,103691,24,9787,48,1650,True,True,69,9
229,759,78606,49,43864,12,2460,False,True,4,86
230,769,30616,28,9472,36,786,True,True,92,87
231,674,122665,27,24383,48,1265,True,False,78,76
232,321,125373,26,5249,24,1224,True,True,72,74
233,337,70072,31,48717,36,1261,False,True,9,34
234,529,44574,30,35518,60,2119,True,True,35,43
235,664,23430,42,19351,12,2010,True,False,21,74
236,737,139123,19,5088,36,882,True,True,58,94
237,582,32676,52,16282,36,1929,True,True,18,22
238,326,30816,24,20330,60,887,True,False,97,70
239,525,52733,38,43409,48,1024,True,True,72,2
240,576,105680,35,22778,24,2080,False,True,81,94
241,583,22050,20,25264,60,1138,True,True,43,66
242,780,129996,59,6075,24,1437,True,True,95,32
243,752,53933,56,11412,48,2149,True,False,98,16
244,815,44951,58,49454,36,2468,True,True,6,76
245,846,52413,66,29365,24,775,True,True,86,1
246,491,54801,28,8230,12,999,True,True,78,72
247,348,75619,56,49200,12,1216,True,True,67,48
248,811,52913,41,12002,60,836,True,False,12,50
249,316,132573,63,14947,48,2473,True,True,12,13
250,471,139076,36,14686,60,1431,True,True,66,15
251,519,60600,21,30304,60,980,True,True,2,53
252,457,77775,43,14074,60,2420,True,False,15,44
253,776,110816,55,5493,12,1410,False,True,23,8
254,345,149972,59,35228,12,2496,True,True,29,74
255,672,110093,49,15140,60,1796,False,True,81,46
256,817,132590,56,32655,12,2443,True,True,96,69
257,398,55400,62,44472,48,1581,True,True,7,19
258,336,24494,63,7816,60,1851,True,True,94,38
259,579,100688,53,12639,12,2254,True,True,28,11
260,648,142744,57,48192,24,608,True,True,14,43
261,796,109431,54,47733,60,1802,True,True,44,20
262,601,94691,50,30492,60,2209,True,False,30,20
263,480,117419,53,12240,48,827,True,True,81,21
264,398,128730,20,33698,36,2299,True,False,32,82
265,415,63001,26,27957,36,814,True,True,70,57
266,490,87364,25,33808,48,1997,True,True,88,50
267,552,144988,50,6827,48,1634,True,False,6,74
268,460,65028,23,33762,48,1198,True,True,27,98
269,555,127434,58,9259,36,1280,True,True,82,26
270,622,117659,56,15849,48,2458,True,False,88,30
271,427,57573,21,17232,12,1752,True,True,24,73
272,317,20806,30,41572,60,2020,True,True,34,31
273,622,144343,66,25173,60,655,True,True,40,42
274,587,76638,19,6374,24,1996,True,True,47,68
275,454,148301,22,22174,24,2224,True,True,79,61
276,789,146295,61,24567,60,1795,True,True,75,61
277,685,126506,44,36292,12,1386,False,True,86,70
278,403,49757,49,10277,36,1525,True,True,24,78
279,692,54636,38,32600,36,1257,True,True,65,68
280,545,100097,25,10885,12,1221,True,True,18,90
281,475,68280,55,1778,36,2034,True,True,44,17
282,338,44262,25,30165,48,1412,True,True,76,19
283,776,100435,67,2492,60,1809,True,True,57,51
284,837,82211,20,31462,60,1370,True,True,28,70
285,707,74842,61,14615,12,512,False,True,71,63
286,824,148583,20,45900,36,1107,True,True,23,93
287,805,76979,39,43946,24,997,True,False,85,75
288,335,134524,23,8851,24,2256,True,True,34,80
289,319,101470,19,17288,36,737,True,True,11,30
290,620,58197,40,8156,24,1617,True,True,86,25
291,811,61844,61,3044,12,1861,True,True,35,75
292,699,84754,19,8368,12,1280,True,False,93,71
293,770,121868,55,20900,36,1694,True,False,42,26
294,442,54157,34,31600,24,1105,True,True,28,56
295,391,97129,52,47403,12,1160,False,True,82,22
296,653,60042,51,26634,12,2147,True,False,78,89
297,350,81665,40,10168,48,2090,True,False,82,19
298,489,135512,47,21961,48,1348,False,True,92,31
299,424,136953,69,45096,12,1435,True,True,24,26
300,449,102856,25,47087,36,1990,True,True,8,42
301,613,47376,39,24852,60,1127,True,False,53,41
302,641,129049,61,34110,60,642,True,True,72,23
303,604,75554,53,33174,12,1724,True,True,4,47
304,353,34199,22,35215,12,1703,True,True,91,13
305,743,138533,30,27955,12,1213,False,True,5,89
306,563,101412,46,7581,36,1887,True,True,97,66
307,352,70948,48,45619,48,978,True,False,49,66
308,304,93781,64,7317,12,1064,True,True,98,16
309,402,92750,33,43856,12,970,False,True,30,73
310,495,86262,59,46714,24,883,True,True,72,28
311,649,137424,47,27649,36,2215,False,True,63,77
312,346,66600,33,24132,12,1425,True,True,47,35
313,568,96898,29,17789,24,916,True,True,26,41
314,669,82483,34,15567,60,2348,True,True,57,77
315,405,38297,33,15868,12,807,True,True,37,31
316,419,50448,29,25370,12,1148,True,True,98,85
317,357,46172,25,43533,24,2217,True,True,7,32
318,645,62874,37,31483,36,1890,True,False,40,54
319,773,27657,20,13466,12,1524,True,False,92,98
320,416,104386,33,29803,60,1567,True,True,39,72
321,426,145617,47,19230,12,1238,False,True,62,59
322,692,45425,62,18862,60,2366,True,False,92,41
323,357,46685,40,44355,48,1621,True,True,78,66
324,812,142000,45,32259,48,2243,True,True,53,96
325,395,132855,68,34539,60,1788,True,False,4,54
326,417,44578,57,22909,36,2323,True,True,82,40
327,787,48831,22,31795,12,2306,True,True,25,28
328,536,27906,37,9770,12,639,True,False,7,37
329,571,81413,57,12093,48,2004,True,True,28,65
330,488,74028,61,47571,60,1760,True,True,69,74
331,746,27287,18,1193,12,1473,True,True,67,55
332,546,53660,47,35775,12,1516,True,True,95,4
333,375,95758,38,18569,36,1452,True,True,20,99
334,453,80504,37,12190,24,1403,True,True,83,10
335,734,79720,23,43752,48,571,True,False,11,47
336,385,122979,39,33327,48,2190,True,True,67,75
337,584,54701,35,43070,24,1713,False,True,87,14
338,519,103300,25,21389,12,1791,True,True,7,38
339,368,130177,56,41197,36,1844,True,True,23,12
340,346,37674,49,3261,36,606,True,True,61,45
341,393,103560,50,29369,48,1755,True,False,71,17
342,752,131543,33,27512,36,1565,True,False,34,80
343,503,43874,29,7716,24,2225,True,True,19,35
344,517,63642,55,22259,12,1382,True,True,58,66
345,773,143867,69,29933,24,638,True,True,9,75
346,731,117820,51,42689,60,1114,True,True,48,41
347,640,85160,31,5378,48,2206,True,True,82,67
348,588,37602,53,41583,36,1362,True,True,41,29
349,553,123320,50,47546,60,772,True,False,48,18
350,656,108801,40,20835,36,2004,True,True,45,20
351,322,45931,67,30033,12,915,True,True,25,14
352,821,114377,62,25000,12,1005,True,True,78,34
353,399,49192,19,46496,12,1232,True,True,25,49
354,479,66542,58,11332,36,2248,True,True,19,54
355,522,147015,38,43604,60,2376,True,True,39,31
356,741,62520,19,3800,12,923,True,True,79,58
357,624,84772,44,30538,60,1930,True,True,80,42
358,815,78762,26,31119,36,2091,True,True,27,58
359,315,70106,18,9333,60,889,True,True,74,82
360,635,101121,28,6410,36,841,True,True,63,30
361,557,45559,20,18839,36,1445,True,True,68,25
362,796,125595,69,31519,48,1113,True,True,19,63
363,459,53742,40,6808,36,2456,True,True,28,19
364,774,89669,43,7796,36,992,True,True,85,72
365,679,100199,21,22180,24,691,True,True,78,92
366,844,41754,35,44056,12,998,True,True,33,8
367,726,23972,23,18709,48,1321,True,True,10,95
368,567,90831,52,18543,48,2235,True,True,83,3
369,716,132217,39,38418,48,1756,True,True,30,67
370,467,61873,60,30075,24,2468,False,True,22,86
371,342,114661,32,38755,36,726,True,False,3,81
372,584,126532,39,48968,12,1894,True,True,82,17
373,696,146267,54,38465,60,638,True,False,75,14
374,311,29903,69,31502,36,1355,True,True,48,9
375,601,23020,59,17724,24,1316,True,True,2,62
376,552,61755,29,4828,36,1672,True,False,76,94
377,798,105956,64,18087,36,1638,True,True,54,21
378,334,106988,66,13605,24,1973,False,True,6,76
379,389,65648,59,32337,48,1586,True,True,40,37
380,717,123537,55,6482,48,603,True,True,93,96
381,414,145991,35,28005,12,2374,True,True,94,11
382,495,29516,62,23760,12,1370,True,True,2,20
383,800,132863,52,6463,48,1167,True,False,73,35
384,792,135005,47,47628,60,772,True,True,2,53
385,374,22396,41,5912,36,1529,True,False,93,47
386,712,104082,59,5648,60,1670,True,False,97,75
387,675,39129,47,34623,36,683,True,True,74,52
388,719,148322,31,36634,48,1551,False,True,98,8
389,576,21591,23,45602,12,2485,True,False,55,4
390,693,31303,20,4112,12,2073,False,False,72,27
391,756,50561,33,23054,60,1642,True,True,60,44
392,491,91719,24,5492,12,792,True,True,97,40
393,398,138618,69,23207,48,1894,True,True,6,47
394,847,112108,31,16114,60,1767,True,True,19,94
395,395,148748,26,35285,36,2103,True,True,96,44
396,489,119616,32,17018,12,2249,True,True,27,48
397,336,144165,38,22386,24,1741,True,True,1,91
398,668,106231,52,18740,12,676,True,True,33,85
399,824,27314,19,45199,36,1822,True,True,40,52
400,578,137071,44,9210,60,2199,True,True,32,84
401,516,39623,19,45363,36,557,True,True,69,68
402,572,87675,52,46639,24,1792,True,True,17,11
403,361,132992,35,13743,48,807,True,True,8,77
404,641,116826,31,43092,12,2093,True,True,57,73
405,696,85082,37,45299,60,1811,False,True,42,4
406,318,149839,35,7588,48,1476,True,False,98,76
407,476,103624,27,4311,36,1628,True,True,9,73
408,695,125228,42,23432,60,1751,True,True,87,77
409,744,53130,19,34755,48,1770,True,True,35,48
410,532,71756,42,4321,60,1199,True,False,71,26
411,375,117624,50,16812,24,2017,True,True,79,77
412,564,46292,53,38383,24,582,True,True,53,39
413,754,131785,48,49280,12,1709,True,True,54,92
414,683,147331,31,14146,12,751,True,True,84,58
415,805,106206,18,14654,24,1878,True,True,25,19
416,666,89274,63,36820,60,2273,True,True,67,88
417,443,22469,33,1726,24,2395,False,True,62,83
418,368,73947,63,4760,12,2219,True,True,55,77
419,398,42534,69,23190,24,1295,True,True,46,77
420,695,83620,20,2875,24,1396,True,True,24,58
421,324,68874,52,24377,60,2461,True,True,98,28
422,768,69708,58,47737,48,709,False,True,46,66
423,783,94553,23,5033,12,1315,True,True,22,10
424,450,88344,42,39211,60,2331,True,True,11,86
425,443,69138,30,18373,24,1108,True,True,48,77
426,338,74302,51,4744,24,946,True,True,8,58
427,408,67638,25,25995,48,959,True,False,39,73
428,341,98249,38,17977,12,1467,True,True,35,97
429,485,125865,51,33402,12,971,False,True,49,14
430,697,22719,21,35542,36,2243,True,True,46,84
431,522,42890,42,11651,12,869,True,True,38,15
432,432,97236,32,34703,48,1399,True,True,8,96
433,462,56509,21,14395,36,2457,True,True,54,33
434,514,62534,62,30808,36,2015,True,True,37,17
435,534,122302,29,37576,24,1422,True,True,91,24
436,308,112241,49,17715,24,636,True,True,92,30
437,373,38787,49,45409,12,866,True,True,40,62
438,791,146209,45,25306,36,1411,True,True,34,13
439,552,68845,30,20086,24,683,True,True,96,62
440,529,77932,48,15376,48,2111,True,True,79,47
441,818,112124,31,6889,24,1810,True,True,17,16
442,473,111659,37,38822,24,971,True,False,33,66
443,467,53062,35,37636,36,1898,True,False,47,81
444,469,95713,46,21584,36,1153,True,True,52,96
445,692,107263,23,35610,60,1248,True,True,80,43
446,493,115756,49,11058,48,1036,False,True,93,8
447,816,80461,46,10101,36,2034,True,True,9,3
448,328,95418,60,13497,12,1301,True,True,33,12
449,464,86672,19,5658,48,2102,True,True,60,84
450,721,148232,40,12381,48,1773,True,True,93,16
451,638,54832,36,41312,36,1419,True,False,77,78
452,795,147335,48,41486,48,1009,False,True,21,80
453,664,51966,68,47619,36,1129,True,True,58,59
454,641,92545,22,18154,24,1501,False,True,85,49
455,799,32987,36,20539,60,1596,False,True,69,63
456,810,57311,51,12777,24,1805,True,True,10,62
457,626,51575,27,35396,36,1415,True,True,6,49
458,516,83852,42,31373,36,2483,True,True,13,51
459,600,147650,19,34154,24,1883,True,True,65,33
460,431,21007,28,7031,12,1533,True,True,20,30
461,369,90981,67,28997,12,1734,True,True,57,59
462,551,96242,48,7439,12,2358,True,True,46,76
463,714,67517,32,23785,36,651,True,True,8,15
464,744,130022,26,14392,48,1528,True,True,10,82
465,481,49257,40,29669,36,1718,True,True,73,92
466,466,107272,36,29939,48,2477,True,True,67,23
467,390,62207,26,3282,24,1806,True,True,11,78
468,830,33281,52,35624,60,963,True,True,12,94
469,338,81246,38,49438,48,1636,True,False,10,97
470,425,21435,26,25364,12,770,True,True,25,45
471,750,118875,45,2998,36,1686,True,True,49,62
472,472,120686,63,32705,24,959,True,True,49,79
473,519,111357,68,39244,12,604,True,False,89,71
474,357,46660,24,10428,24,2216,True,True,11,15
475,775,25084,33,38437,60,2079,True,True,62,46
476,755,102197,33,13336,36,1805,True,True,36,64
477,660,33507,50,10342,36,2210,True,True,39,46
478,300,92595,21,40832,60,661,True,True,53,56
479,686,103807,21,8446,36,850,True,True,90,44
480,647,65539,56,39392,48,933,True,True,78,75
481,489,135953,57,8461,24,1351,True,False,56,29
482,804,27491,34,35587,12,639,True,True,1,95
483,490,147706,54,11516,60,1994,True,True,56,62
484,807,132831,56,14749,48,1655,True,True,4,89
485,668,70192,69,18514,12,586,True,True,30,52
486,708,100395,46,36426,12,2211,True,True,12,54
487,416,143797,69,37268,60,682,True,True,35,88
488,433,83888,53,25950,48,867,True,True,77,57
489,357,93609,55,35888,12,628,True,True,52,83
490,472,29077,56,37788,12,1769,True,True,31,66
491,448,137440,67,11213,48,2124,True,True,87,22
492,379,142901,54,37027,36,2101,True,True,68,20
493,512,40953,69,29011,12,1169,False,True,52,33
494,502,96919,52,43849,24,2422,True,True,80,72
495,528,134682,24,35591,48,1901,True,False,7,25
496,526,141041,44,18858,12,648,True,False,22,46
497,831,87889,45,19626,60,1484,True,True,93,73
498,740,43821,39,14467,24,1351,True,True,75,98
499,701,57567,31,40758,12,1956,True,True,56,57
500,346,135374,24,4134,24,1127,True,True,97,87
501,532,44860,54,17743,24,2249,True,True,58,5
502,604,41195,39,16434,36,1992,True,True,93,55
503,825,97475,22,48775,24,945,True,True,64,61
504,442,110874,19,11233,36,2004,True,True,12,89
505,714,107266,44,2141,48,1383,True,True,7,8
506,812,41427,38,19019,36,793,True,True,55,16
507,672,120732,55,21384,60,2288,True,True,62,48
508,558,47083,32,43903,12,1666,True,True,90,61
509,770,107046,38,46734,48,749,True,True,73,15
510,311,77372,27,37129,48,1377,True,True,98,65
511,629,143786,40,23967,60,1447,False,True,77,22
512,657,64064,56,41603,36,1474,True,True,55,3
513,707,27813,22,12172,12,1825,True,True,36,54
514,672,51598,18,17390,36,1548,True,True,89,14
515,307,132718,30,4267,24,1288,True,True,24,36
516,421,146879,38,40332,36,1483,True,True,44,82
517,647,113106,43,27167,48,1388,True,True,17,82
518,389,47082,67,22312,12,1389,True,True,2,67
519,615,49241,62,28840,36,2424,True,True,13,10
520,477,116214,38,19990,12,569,True,True,31,49
521,839,64569,35,45179,12,1124,True,False,93,65
522,340,31745,54,6906,24,1374,True,True,28,91
523,801,46029,62,49796,24,1635,True,True,60,57
524,444,33025,49,41379,48,1887,True,True,27,27
525,500,121660,53,18297,60,1826,True,True,15,75
526,760,143395,34,3011,12,970,True,False,95,5
527,846,34288,52,45014,60,2487,True,True,79,71
528,552,109186,66,47558,48,590,True,True,33,83
529,689,26540,28,12738,12,1029,True,True,20,57
530,555,117768,38,29797,12,1160,True,True,42,93
531,749,101958,69,48498,60,1238,True,True,12,15
532,309,88878,43,12120,36,1225,True,True,73,99
533,541,61846,21,9767,24,1371,True,True,23,76
534,550,121148,51,23852,36,2186,False,True,72,30
535,304,95932,69,14703,60,691,True,True,96,20
536,418,37482,65,1929,24,2486,True,False,14,37
537,673,43411,35,12951,36,2075,True,True,91,3
538,364,70975,57,27039,24,1765,True,True,25,73
539,445,80545,52,49613,12,637,True,True,77,41
540,523,132302,58,30504,36,844,True,True,85,39
541,538,98797,46,18438,24,1703,True,True,31,26
542,476,72307,69,49515,24,1508,False,True,54,2
543,581,23093,46,6744,24,2235,False,True,5,23
544,362,97258,55,19284,36,1002,True,True,13,23
545,516,42042,59,43417,48,702,True,False,28,85
546,760,72930,38,40748,36,1072,True,True,43,16
547,404,137584,59,8069,60,691,True,True,89,9
548,398,64413,30,43359,36,504,True,False,99,13
549,810,133387,66,20799,24,2413,True,True,47,28
550,684,113623,58,34210,12,1760,True,True,71,27
551,704,117883,34,29226,36,2216,True,True,38,51
552,817,53756,26,5652,36,810,True,True,96,64
553,775,73268,58,25323,24,1048,True,False,67,52
554,736,59214,18,43138,12,555,True,False,62,81
555,322,101871,19,8597,12,942,True,True,39,38
556,757,147844,65,48093,60,1760,True,True,37,65
557,382,48602,46,38226,36,1369,True,True,86,18
558,444,73331,50,7591,12,2384,True,True,8,63
559,384,68901,27,26833,12,1720,True,True,81,51
560,377,119986,67,12826,48,1084,True,True,52,9
561,756,83416,57,27417,48,2094,True,False,91,13
562,300,52196,38,19693,12,1251,False,False,33,40
563,350,148386,45,15138,60,2037,True,True,81,55
564,745,25626,28,3169,12,1972,False,True,42,79
565,748,27424,51,19556,24,859,True,True,76,43
566,787,32857,25,23052,36,2223,True,True,27,44
567,333,130459,39,7313,60,1318,True,True,8,68
568,647,135621,25,9315,24,529,True,True,23,33
569,394,39982,66,9036,60,2302,False,True,64,24
570,371,96961,32,32778,24,607,True,True,93,36
571,453,21980,34,28734,36,1343,True,True,20,10
572,549,68290,40,24173,36,2458,True,False,16,20
573,737,46431,41,31403,48,2125,True,True,17,75
574,417,104976,62,1785,24,1216,True,True,80,12
575,605,127288,36,7139,48,1390,True,True,19,62
576,567,102711,22,7344,24,2491,True,True,8,18
577,353,134187,49,19800,48,2482,True,False,38,94
578,535,46385,61,26372,36,1459,True,True,38,63
579,688,58158,18,21538,60,1968,True,True,53,84
580,700,43019,40,15973,48,1392,True,True,93,25
581,602,38639,54,6619,24,1961,True,True,90,12
582,506,105530,25,35704,24,1231,True,True,31,21
583,528,119911,30,37575,36,2413,True,True,44,25
584,374,41563,25,40919,24,1105,True,True,60,11
585,734,59341,40,43261,12,956,True,True,76,64
586,402,135672,60,46123,60,1114,False,True,17,73
587,721,25776,18,28716,48,2258,True,True,79,50
588,605,56444,62,4236,60,1197,True,True,73,62
589,397,88916,68,16848,36,2219,True,True,39,89
590,634,28711,41,3352,48,2018,True,False,42,99
591,734,94318,52,2932,48,1173,True,False,48,96
592,746,102970,41,11913,12,1770,False,True,12,49
593,607,132301,34,9556,36,1042,True,True,96,14
594,548,105553,22,22300,24,2087,True,True,89,1
595,465,50707,37,6498,12,1356,True,True,18,81
596,780,59110,38,11582,12,2111,True,True,79,25
597,634,149410,57,47633,60,1396,True,True,96,59
598,841,81788,48,10569,60,1962,True,True,6,72
599,405,102879,63,5857,60,777,True,True,43,69
600,380,58827,53,1340,12,1051,True,False,35,5
601,432,127188,28,44949,24,2136,True,True,98,99
602,437,25655,69,17766,48,610,True,True,54,19
603,483,64859,32,27132,60,884,True,True,62,23
604,700,73625,36,9491,24,2356,True,True,69,9
605,629,72098,24,1138,36,1260,True,False,82,94
606,807,35251,68,1358,60,1714,True,True,16,50
607,368,142413,45,10714,48,2013,True,True,8,16
608,845,20526,68,20840,36,1193,False,True,89,33
609,352,88760,60,35395,36,1949,True,True,96,2
610,749,67837,22,31654,48,904,True,True,90,14
611,504,145133,22,26879,60,1858,True,True,86,1
612,425,149478,47,16996,12,1732,True,True,31,90
613,342,31536,49,38772,48,521,True,True,10,58
614,410,48541,25,27762,48,1177,True,True,56,89
615,482,99083,27,14283,48,1110,True,True,76,16
616,394,71027,55,40420,36,1731,True,True,92,79
617,673,54531,64,20554,24,507,True,True,70,90
618,819,28712,49,21219,12,1201,True,True,20,47
619,659,124101,65,35919,60,2210,False,True,5,44
620,580,85455,45,10429,60,2308,True,True,23,80
621,494,94744,34,47840,24,1028,True,True,9,14
622,494,141787,48,45695,48,1101,True,True,58,93
623,392,149749,25,40673,12,2176,True,True,59,24
624,360,25109,57,20218,60,1156,False,True,93,55
625,350,141332,42,13452,60,665,True,True,80,15
626,702,69268,26,49980,48,1348,True,True,54,83
627,304,120737,19,19951,24,995,True,True,46,72
628,765,74615,32,2307,12,1089,True,True,22,34
629,833,102503,67,15852,24,928,True,True,64,2
630,704,143274,20,26232,24,1273,True,True,8,27
631,812,49759,66,36428,12,662,True,True,20,74
632,532,105708,53,44171,12,865,True,True,51,99
633,823,80112,21,27485,60,2049,True,True,78,87
634,645,122471,31,11238,60,1762,True,True,39,72
635,345,146740,58,39975,12,571,True,True,37,92
636,845,143153,58,2140,36,1968,True,True,50,23
637,377,46589,42,25842,60,1154,True,True,34,68
638,372,50015,67,27421,36,2345,True,True,75,14
639,548,49009,27,2708,12,2032,True,True,33,63
640,346,103309,38,4630,60,2318,True,True,31,93
641,420,146446,53,20595,24,768,True,False,54,65
642,513,82046,29,11485,12,2276,True,False,44,68
643,538,126661,44,29308,48,914,True,True,34,63
644,355,46143,57,45789,36,1768,True,True,71,96
645,649,26154,19,27086,12,1515,True,True,62,97
646,406,41804,30,17859,12,1174,True,True,23,90
647,347,61688,49,8684,60,1583,True,True,46,81
648,636,84288,48,26552,60,505,True,True,56,87
649,325,71195,33,2207,60,2232,True,True,7,64
650,556,40581,49,47099,48,1481,True,True,89,32
651,307,72648,49,2960,60,1069,True,True,61,79
652,552,50087,51,1557,12,2340,True,True,3,13
653,602,69930,28,30689,60,906,True,True,38,66
654,355,52981,27,49651,24,1740,True,False,84,19
655,825,89298,32,14893,60,2453,True,True,34,24
656,773,66167,34,33272,48,525,True,True,44,88
657,327,95304,57,1882,24,2338,True,True,30,11
658,377,63408,35,38529,12,1528,True,False,17,59
659,515,59499,26,39635,12,1485,True,True,59,86
660,685,145816,42,30535,36,2055,True,True,10,15
661,664,72269,57,13869,24,889,False,True,99,10
662,825,58559,31,8166,36,1209,True,True,84,41
663,611,134126,42,13982,24,1070,True,True,18,27
664,306,94319,67,41697,24,1971,True,True,45,60
665,302,131925,39,39115,48,1253,True,True,91,73
666,662,115317,69,8269,36,645,False,False,59,52
667,807,116347,47,29064,48,1911,True,True,62,28
668,573,68787,37,14527,24,1284,True,True,59,65
669,805,55488,38,3454,12,1772,True,True,49,17
670,314,94441,61,21878,24,1025,True,True,63,95
671,491,94663,49,13991,48,1985,True,False,87,44
672,784,42431,68,3808,36,512,True,True,32,10
673,327,81681,63,40410,36,1402,False,True,10,63
674,338,83483,66,37593,48,883,True,True,11,93
675,572,142720,38,37304,36,1055,True,True,70,82
676,530,69153,52,31386,60,1386,True,True,62,47
677,385,26368,49,49077,12,1922,True,True,47,38
678,773,47424,47,4802,12,518,True,True,34,70
679,425,132360,56,29753,12,1074,True,True,17,76
680,836,65004,66,22083,36,2014,True,True,54,53
681,444,103869,29,19354,36,1250,True,True,76,78
682,824,108652,58,23190,24,1503,True,False,85,44
683,511,132755,64,7142,24,918,False,True,40,74
684,324,76985,35,29398,12,1860,True,True,19,54
685,693,70069,38,42862,60,918,True,True,67,20
686,366,72326,30,34132,24,2438,True,True,82,79
687,532,128737,38,20503,24,2439,True,True,53,31
688,408,101061,25,49456,36,2135,True,False,64,7
689,445,43398,63,35631,60,2198,True,True,83,58
690,410,118393,57,17499,12,2451,True,False,47,10
691,527,70861,63,40852,24,621,True,True,6,10
692,410,95897,24,9016,60,931,True,True,16,39
693,769,101905,40,3384,60,543,True,False,72,28
694,333,147118,61,16072,12,2395,True,True,18,30
695,668,88577,49,37703,60,2443,True,False,52,37
696,724,85641,28,46895,60,1840,True,True,48,67
697,817,29078,39,15482,60,880,True,False,43,43
698,581,45003,39,41510,24,644,True,True,39,79
699,619,82768,60,49933,12,1850,True,True,49,85
700,742,71047,42,22826,60,862,True,True,12,52
701,614,91626,39,3490,60,1573,False,True,10,56
702,676,77660,45,47092,24,1588,True,True,71,76
703,588,124386,46,26518,12,854,False,True,55,68
704,736,69786,30,25045,36,1299,True,True,1,9
705,576,21925,35,27910,24,1687,True,True,49,92
706,802,103976,19,25566,12,1664,True,True,36,23
707,815,125221,46,34905,60,2489,True,True,21,63
708,649,137832,38,28103,12,1325,True,True,37,61
709,745,145150,32,37188,12,1651,True,True,24,40
710,649,46015,69,6845,12,897,False,True,55,44
711,436,53320,44,22162,36,2456,True,True,25,86
712,542,84881,67,37674,12,1379,True,True,7,24
713,842,110827,48,20337,36,962,True,False,81,51
714,339,140071,32,23313,60,2274,True,True,93,58
715,528,122215,68,27943,36,2359,True,True,94,90
716,847,46289,40,13413,60,1307,True,True,71,94
717,522,148859,41,1276,60,686,False,True,97,33
718,305,23389,61,18611,36,2243,True,True,71,16
719,621,45683,30,40105,24,1231,True,True,24,22
720,767,33629,39,12944,48,2435,True,True,11,57
721,374,81550,60,16906,12,1713,True,True,73,62
722,303,44826,54,21536,48,1911,True,True,12,82
723,417,120734,50,28810,12,928,True,True,35,71
724,803,46630,20,13306,12,1357,True,False,63,90
725,740,118762,36,11503,60,1807,True,True,68,72
726,493,66163,40,20225,12,2387,True,True,92,70
727,691,118511,46,37976,12,736,False,False,57,30
728,325,86435,47,12590,36,1717,True,True,13,23
729,734,31653,56,11886,48,1810,True,True,23,32
730,472,47961,61,13866,36,1270,True,True,83,86
731,599,101941,64,2088,12,1257,True,False,39,57
732,625,94137,42,4363,60,635,True,False,88,9
733,709,53662,54,33792,36,1291,True,True,80,31
734,417,118818,64,10764,36,2306,True,True,97,71
735,524,76446,25,21620,24,670,True,True,12,9
736,831,41288,59,43727,12,658,True,True,34,13
737,412,142555,33,13935,60,700,True,True,71,58
738,439,115081,25,9068,36,2010,True,False,75,3
739,300,56877,18,8295,36,2080,True,True,31,35
740,389,131562,61,42160,60,1461,True,True,93,97
741,619,35313,22,12390,12,2299,True,True,62,21
742,849,100885,20,42216,24,1082,True,True,13,64
743,438,92715,18,21131,36,2027,False,True,31,95
744,810,30326,21,30218,24,1375,True,True,2,52
745,558,130091,57,11433,48,870,False,False,15,34
746,309,145836,52,16038,12,602,True,False,57,96
747,560,21560,49,29182,48,1501,True,True,75,35
748,471,99148,59,12528,48,1648,True,False,34,15
749,312,103186,51,22281,48,1836,False,True,68,96
750,467,46745,60,49511,12,1475,True,True,75,6
751,620,51890,42,9605,12,1297,True,True,29,85
752,618,40022,27,35782,60,1981,True,True,66,97
753,628,143629,38,2381,24,1753,True,False,16,32
754,849,72579,63,2098,24,1157,True,True,39,52
755,718,90316,56,20810,60,1381,True,True,77,83
756,394,103847,44,25322,60,1720,True,True,37,97
757,617,48380,44,42869,48,2408,True,True,81,28
758,535,130198,19,33955,60,1232,True,True,21,95
759,633,22356,58,45716,36,922,True,True,44,85
760,675,90326,65,11207,24,1071,True,True,19,98
761,758,112447,30,22793,60,2133,True,True,71,64
762,436,134994,26,3092,36,670,True,True,8,79
763,846,109899,69,29220,36,1905,True,True,77,78
764,812,40049,53,19514,36,672,True,True,66,19
765,595,95717,39,39010,36,1162,True,True,41,15
766,619,125361,59,9549,48,952,True,True,75,6
767,648,36082,43,23031,36,849,True,True,88,73
768,528,20661,29,6185,48,2425,True,True,70,84
769,569,57412,34,16271,48,2475,True,False,61,98
770,590,134015,31,6776,36,2157,True,True,26,38
771,464,143191,31,13449,24,993,False,True,71,26
772,304,22920,51,25297,36,1119,True,False,83,82
773,678,111194,37,41591,36,1527,True,True,70,92
774,377,134306,28,16717,36,1616,True,True,29,51
775,709,80315,33,41123,24,1418,False,True,66,73
776,431,99561,68,40233,12,505,True,False,19,96
777,341,28946,48,46505,12,787,True,False,68,53
778,388,114242,23,47092,48,2141,True,True,58,56
779,701,65500,36,11350,48,1669,True,True,70,59
780,595,124540,54,31622,24,2306,True,True,57,70
781,594,36309,21,36323,60,1947,True,False,37,78
782,825,75230,64,3951,12,2413,True,False,61,92
783,721,131822,21,18622,48,1107,True,True,92,58
784,322,118656,37,5727,12,956,True,True,30,88
785,442,143782,27,39454,24,2264,True,True,71,13
786,444,50027,41,37469,24,1725,False,True,73,43
787,524,146768,52,36548,60,1735,True,True,25,76
788,802,92541,43,24782,60,1529,True,True,97,51
789,403,132340,54,29454,24,1123,True,True,65,19
790,338,134846,55,3368,48,875,True,True,6,21
791,497,79321,38,16592,12,2414,False,False,18,91
792,690,20956,57,23173,36,946,True,True,10,83
793,478,120375,56,34204,60,1334,True,True,92,24
794,747,94131,38,36596,36,1629,True,True,11,26
795,799,67908,27,35324,48,2174,True,False,97,45
796,314,98339,55,47132,60,1310,True,True,65,28
797,588,145659,63,24864,36,1924,True,True,77,82
798,777,45963,21,48829,48,1619,True,True,84,29
799,530,121757,62,31750,12,1911,False,True,65,17
800,719,59443,37,11576,48,1458,False,True,52,68
801,456,119259,34,17566,60,1975,True,True,67,44
802,849,59063,24,8190,24,1348,True,False,82,61
803,740,134225,21,24071,12,1308,True,True,78,93
804,396,136400,46,39333,36,1478,True,True,31,68
805,710,100818,31,16369,60,2424,True,True,91,74
806,588,24703,20,25035,24,915,True,True,17,25
807,553,85128,41,2589,48,1225,True,True,55,95
808,495,92099,54,26235,24,2027,True,True,93,67
809,821,45849,33,1159,60,953,True,True,36,2
810,816,51860,69,13145,60,1814,True,True,26,89
811,417,51585,21,16373,24,2057,True,True,53,49
812,458,42015,41,32921,48,1716,True,True,17,70
813,527,97539,51,40323,24,649,True,True,86,26
814,515,63585,47,17237,60,2403,True,False,25,72
815,314,46958,35,42971,60,1258,True,True,2,99
816,456,46017,36,9244,36,1278,True,True,86,27
817,560,96707,48,15743,36,1472,True,True,5,89
818,456,144677,36,32566,12,1262,True,True,4,18
819,346,65350,66,47101,60,1501,True,True,36,54
820,623,32201,63,47109,36,2038,True,False,6,1
821,429,49426,36,19691,24,1916,True,True,21,61
822,710,37778,39,34996,48,1839,True,True,77,3
823,394,65241,41,6590,24,575,True,True,89,68
824,591,62229,62,6585,48,1098,False,True,26,41
825,582,106652,29,10227,36,1793,False,True,55,37
826,368,148267,47,29278,12,724,True,True,39,51
827,310,138402,55,39814,24,2053,True,True,84,15
828,553,68364,48,13237,24,612,True,False,33,8
829,849,118833,53,16649,24,750,True,True,14,38
830,433,146503,36,38713,48,1756,False,True,56,83
831,322,149044,65,8927,36,1340,True,True,81,56
832,645,104878,62,46409,24,2314,True,True,21,47
833,601,77056,53,49766,24,1213,True,True,46,90
834,662,47490,47,47154,12,1606,False,True,16,10
835,695,147769,66,8016,12,624,True,False,16,78
836,517,39975,50,15027,36,1698,True,False,84,49
837,440,46723,35,49688,36,1592,True,False,29,41
838,509,43279,69,25142,60,1570,True,True,92,83
839,759,98301,66,47520,12,1383,True,True,8,30
840,655,132214,45,24545,60,1779,True,True,88,5
841,623,31561,64,32897,48,2250,False,True,3,95
842,432,127435,28,4167,60,529,False,True,89,71
843,426,86061,62,45757,24,780,True,True,19,83
844,405,108397,50,27917,60,1423,True,True,97,31
845,677,69153,34,23736,36,1760,True,True,66,52
846,350,53142,23,28990,48,1771,True,True,79,88
847,328,46916,21,15087,24,867,True,True,86,98
848,761,84324,37,23440,60,994,True,True,74,23
849,595,64965,65,36205,48,1548,True,True,82,48
850,596,145932,64,16275,48,2109,True,True,22,40
851,706,24648,44,6276,24,1217,True,True,46,6
852,704,55133,32,42627,60,2013,True,True,91,38
853,645,70677,23,41586,48,1516,True,True,13,41
854,719,116059,64,38496,48,2017,True,True,33,27
855,481,114588,31,20008,12,1837,True,True,5,75
856,300,119950,28,6738,48,1105,True,True,90,69
857,670,118317,56,33402,12,874,True,True,77,57
858,730,90135,26,6793,60,1138,True,True,27,17
859,608,55046,43,38291,60,2460,True,True,78,71
860,436,67064,33,6571,60,1548,True,False,24,91
861,501,121459,22,32331,36,1857,True,True,67,47
862,735,126625,69,17209,60,1878,True,True,63,79
863,612,89350,27,49014,48,615,True,True,94,13
864,416,65893,67,26394,24,547,True,True,99,11
865,543,121520,20,44148,12,2261,True,True,48,90
866,836,145818,30,26682,36,2301,True,True,63,86
867,374,81272,60,3224,60,598,True,False,78,92
868,685,112152,66,42157,60,1982,True,True,12,24
869,509,142907,47,49695,24,2046,True,True,28,93
870,774,87649,62,45452,24,2120,True,True,44,73
871,717,84674,23,44408,36,904,True,False,93,4
872,646,144132,34,33441,12,1737,True,True,43,46
873,828,139044,62,42430,60,1184,True,True,17,18
874,478,128542,68,40129,36,1402,True,True,40,43
875,481,33760,36,35716,48,1002,True,True,49,80
876,324,41927,59,45859,48,2244,True,True,85,33
877,479,106475,52,27586,36,1971,True,True,57,93
878,800,81367,63,45760,60,1393,True,True,87,10
879,460,117955,43,24478,36,2099,True,True,84,73
880,476,32588,68,7318,60,757,True,False,64,59
881,584,141750,22,29694,24,1343,True,True,75,31
882,362,121678,46,21180,36,620,True,False,57,28
883,455,124734,54,13180,60,1309,False,True,98,60
884,768,138154,37,34002,36,1477,True,True,74,3
885,348,72233,66,16372,36,553,True,True,74,55
886,383,64738,38,30796,60,1518,True,True,70,14
887,660,53397,27,25427,60,1854,True,True,88,58
888,447,102189,22,34290,12,1283,False,True,76,89
889,641,96367,53,29099,36,740,True,True,43,15
890,775,144873,23,46486,48,2278,False,True,23,2
891,362,91260,43,10821,36,2053,True,True,27,24
892,659,140585,21,6832,36,982,True,True,58,78
893,626,96619,56,13820,60,1512,True,True,37,64
894,440,131453,56,17211,36,686,True,True,6,71
895,514,39816,67,40890,36,2381,True,False,65,24
896,734,62240,52,6842,48,1155,True,True,6,27
897,617,26276,18,2316,60,761,True,True,50,37
898,331,133939,41,46968,36,1452,True,True,22,94
899,584,124199,53,18508,24,1887,False,True,88,91
900,604,99530,23,23005,12,990,True,False,25,39
901,728,43499,58,16206,48,930,True,True,79,63
902,776,108576,63,19971,36,738,True,True,90,79
903,585,128856,61,26599,24,803,True,True,72,26
904,443,102495,48,23056,36,797,False,True,51,65
905,723,141717,37,2378,36,575,True,False,88,4
906,318,91635,41,2519,60,2223,True,True,48,29
907,317,127803,42,23161,60,1856,True,True,70,1
908,670,105112,53,41703,60,2423,True,True,99,50
909,474,55946,38,39861,24,1498,True,True,65,86
910,493,75204,47,6355,36,2281,True,True,60,11
911,801,71886,41,10083,12,1141,True,True,46,74
912,412,91652,61,39342,48,1997,True,True,36,59
913,413,35563,59,21456,60,1326,False,False,58,62
914,521,112324,47,14324,60,2446,True,True,76,81
915,563,112464,39,3257,36,782,True,True,38,36
916,354,121872,45,28364,36,1090,False,True,11,56
917,757,29847,24,25972,24,571,True,False,12,90
918,461,46155,52,47179,24,1786,True,True,42,21
919,679,99671,45,27654,60,1202,True,True,39,13
920,386,136891,31,16233,36,2402,False,True,71,9
921,354,103310,27,16887,12,2410,True,True,11,11
922,775,87278,33,30320,48,2465,True,True,36,75
923,477,38309,33,21808,36,1074,True,True,52,70
924,690,20619,48,31154,36,1499,True,True,31,1
925,648,103194,59,35773,24,1391,True,True,33,70
926,307,70108,42,28747,48,511,True,True,13,77
927,612,54707,30,11860,60,640,True,False,18,86
928,742,40337,23,43838,36,2289,True,False,41,56
929,627,145261,61,43156,60,2078,False,True,58,31
930,353,101537,26,19156,36,516,True,True,56,86
931,538,86504,62,21360,60,1586,True,True,24,37
932,528,67614,53,19135,48,752,True,True,73,47
933,350,111428,60,26351,24,964,True,True,31,91
934,563,111155,37,31499,48,875,True,True,55,78
935,717,20281,35,48377,12,2327,True,True,10,47
936,395,47420,60,24554,24,1480,True,True,60,69
937,387,100896,38,20604,48,1019,True,True,2,58
938,377,59030,21,17923,12,2360,True,True,15,36
939,587,21058,67,48591,36,589,True,True,3,32
940,419,106213,50,9547,36,1219,True,True,43,98
941,790,96260,44,45283,60,1303,True,True,31,64
942,751,48404,24,34002,24,1295,True,True,70,71
943,799,123482,23,15562,36,1129,True,True,67,42
944,464,125284,32,8480,24,2384,True,True,56,48
945,481,49856,35,27672,36,1698,True,False,63,74
946,768,29200,49,5213,60,575,True,True,75,81
947,306,84178,28,11293,48,2136,True,True,15,30
948,629,53997,37,35441,60,1425,True,True,92,21
949,450,45611,41,3100,12,2186,True,False,10,60
950,384,139273,32,45617,36,899,False,False,38,13
951,446,61235,65,29172,12,2305,True,True,47,1
952,680,137428,24,21132,12,1469,False,False,57,65
953,847,55057,38,19199,24,1594,True,True,50,33
954,584,21239,59,37609,36,1703,True,True,71,38
955,381,123674,43,43965,12,1647,True,True,15,25
956,813,134474,61,9016,48,1904,True,True,18,26
957,822,85661,31,40779,12,1816,True,False,82,77
958,685,146945,54,38261,48,1296,True,True,88,59
959,770,65272,38,32881,24,694,True,False,2,92
960,418,109393,35,18058,12,2434,True,True,84,33
961,695,81212,22,25472,60,727,True,True,98,41
962,831,144088,20,42346,24,1954,True,True,43,30
963,560,35398,40,35926,48,2465,True,True,26,57
964,555,140030,43,35832,24,1959,False,True,71,49
965,525,76503,54,37021,12,2310,True,True,38,48
966,352,26638,41,25087,36,960,True,False,94,72
967,799,26570,66,13828,36,1117,True,True,42,49
968,805,88785,36,32128,48,1544,True,True,5,47
969,663,29110,68,2401,48,563,True,True,11,56
970,579,125899,42,20643,36,664,True,True,65,65
971,457,99141,38,16193,48,526,True,False,34,12
972,358,32115,29,27853,24,1834,True,True,1,69
973,427,59062,58,45864,60,1511,True,True,83,88
974,414,42911,50,21307,60,784,False,True,2,6
975,508,124061,67,37982,24,2183,True,True,85,89
976,825,52556,21,20611,60,780,True,True,20,65
977,820,98131,59,44791,12,1337,True,True,61,25
978,536,148335,24,12950,24,1330,True,True,87,1
979,580,21969,39,11704,48,1687,True,True,21,32
980,658,63753,50,44111,24,2421,True,True,88,3
981,500,102811,34,12867,36,1417,True,True,68,49
982,577,24470,41,3745,48,723,True,True,12,19
983,534,141863,51,4866,36,1283,True,True,22,60
984,793,30225,45,33245,48,1669,True,True,20,29
985,303,127860,60,45724,60,1464,True,True,82,50
986,741,143008,58,6818,24,1449,True,False,1,2
987,328,127510,56,49861,12,2391,True,True,30,73
988,408,128295,39,31116,48,1553,True,True,97,56
989,374,43196,66,16493,48,544,True,False,24,17
990,445,125823,34,29038,36,2310,True,True,14,60
991,427,33669,51,21447,60,970,True,True,36,36
992,341,57380,23,31431,36,533,True,True,69,61
993,655,144398,63,18908,36,1152,True,True,75,17
994,340,130677,23,30336,60,1950,True,True,24,49
995,333,135886,51,41992,12,1329,True,True,60,76
996,316,146753,18,5025,36,2409,True,False,95,60
997,452,68320,27,21093,36,720,True,True,55,20
998,677,67414,38,7155,48,2391,True,True,77,50
999,641,123542,22,47607,60,1033,True,True,80,3
1000,326,35577,19,34487,24,1191,True,True,24,43
